Workbook

Sheet 상성 계수
A1: 강호견문록 상성 계수 (10월 3일 조정)
A2: 파란 글자 = 입력값(바꾸면 다른 시트가 따라 바뀜) · 노란 칸 = 이번에 줄인 값 · 게임 값은 js/data/martial_arts.js AFFINITY · COMBAT_RULES
A4: 상성 | B4: 항목 | C4: 조정 전 | D4: 조정 후 | E4: 줄인 폭 | F4: 뜻
A5: 오행 | B5: 상극 우세 · 열세 피해 | C5: 0.25 | D5: 0.2 | E5: =D5-C5 | F5: 내가 극하면 주는 피해 +, 극당하면 주는 피해 − (받는 피해도 같은 폭)
A6: 오행 | B6: 역상성 받는 피해 추가 | C6: 0.15 | D6: 0.1 | E6: =D6-C6 | F6: 극당할 때 받는 피해에 한 번 더 곱함 (elemPenalty)
A7: 병기 | B7: 우세 주는 피해 | C7: 0.15 | D7: 0.12 | E7: =D7-C7 | F7: 권장 › 검/도 › 창 · 암기 상성 (weapAtk)
A8: 병기 | B8: 열세 피해 감소 | C8: 0.15 | D8: 0.12 | E8: =D8-C8 | F8: (weapDown)
A9: 병기 | B9: 우세 명중 보정 (%p) | C9: 10 | D9: 8 | E9: =D9-C9 | F9: 명중 +%p (weapHit)
A10: 크기 | B10: 유리 | C10: 0.2 | D10: 0.15 | E10: =D10-C10 | F10: 그 병기로 그 크기를 칠 때 주는 피해 +
A11: 크기 | B11: 불리 | C11: 0.2 | D11: 0.15 | E11: =D11-C11 | F11: 주는 피해 −
A12: 크기 | B12: 창 → 대형 (크게 유리) | C12: 0.4 | D12: 0.3 | E12: =D12-C12 | F12: 창의 고유 규칙
A13: 크기 | B13: 검 불리 (덜 깎임) | C13: 0.1 | D13: 0.08 | E13: =D13-C13 | F13: 검의 고유 규칙: 불리해도 덜 깎임
A14: 약점 | B14: 청령목괴 ← 화 기공 | C14: 0.25 | D14: 0.2 | E14: =D14-C14 | F14: 요수 고유 약점 (weak)
A15: 약점 | B15: 염화석괴 ← 수 기공 | C15: 0.5 | D15: 0.4 | E15: =D15-C15
A16: 약점 | B16: 빙화수요 ← 토 기공 | C16: 0.25 | D16: 0.2 | E16: =D16-C16
A18: 출처: 처음 값은 게임 코드(10월 3일 전), 크기 처음 안(20 · 40 · 10)은 유저 제안. 조정 후 값은 Claude가 정한 값.

Sheet 크기 상성
A1: 크기 상성 — 그 병기로 그 크기의 요수를 칠 때 주는 피해 (무기 쪽에서 본 값)
A2: '작음 · 큼'은 크기 경계에서 이웃 크기 쪽으로 1/4 기울인 값. 게임 값은 martial_arts.js SIZE_DMG
A4: 병기 | B4: 소형 작음 | C4: 소형 보통 | D4: 소형 큼 | E4: 중형 작음 | F4: 중형 보통 | G4: 중형 큼 | H4: 대형 작음 | I4: 대형 보통 | J4: 대형 큼 | K4: 성격 | L4: 가장 좋음 | M4: 가장 나쁨
A5: 암기(표창) | B5: -0.15 | C5: -0.15 | D5: -0.08 | E5: 0.08 | F5: 0.15 | G5: 0.15 | H5: 0.15 | I5: 0.15 | J5: 0.15 | K5: 큰 놈에게 강한 범용 | L5: =MAX(B5:J5) | M5: =MIN(B5:J5)
A6: 도 | B6: 0.15 | C6: 0.15 | D6: 0.15 | E6: 0.15 | F6: 0.15 | G6: 0.08 | H6: -0.08 | I6: -0.15 | J6: -0.15 | K6: 작은 놈에게 강한 범용 | L6: =MAX(B6:J6) | M6: =MIN(B6:J6)
A7: 창 | B7: -0.15 | C7: -0.15 | D7: -0.15 | E7: -0.15 | F7: -0.15 | G7: -0.04 | H7: 0.2 | I7: 0.3 | J7: 0.3 | K7: 대형 전문, 유리할 때 한 방이 큼 | L7: =MAX(B7:J7) | M7: =MIN(B7:J7)
A8: 검 | B8: 0.15 | C8: 0.15 | D8: 0.09 | E8: -0.02 | F8: -0.08 | G8: -0.08 | H8: -0.08 | I8: -0.08 | J8: -0.08 | K8: 불리해도 버티는 안정형 | L8: =MAX(B8:J8) | M8: =MIN(B8:J8)
A9: 권장 | B9: 0 | C9: 0 | D9: 0 | E9: 0 | F9: 0 | G9: 0 | H9: 0 | I9: 0 | J9: 0 | K9: 상성 없음 | L9: =MAX(B9:J9) | M9: =MIN(B9:J9)
A11: 처음 안 (유저 제안, 줄이기 전)
A12: 병기 | B12: 소형 작음 | C12: 소형 보통 | D12: 소형 큼 | E12: 중형 작음 | F12: 중형 보통 | G12: 중형 큼 | H12: 대형 작음 | I12: 대형 보통 | J12: 대형 큼
A13: 암기(표창) | B13: -0.2 | C13: -0.2 | D13: -0.1 | E13: 0.1 | F13: 0.2 | G13: 0.2 | H13: 0.2 | I13: 0.2 | J13: 0.2
A14: 도 | B14: 0.2 | C14: 0.2 | D14: 0.2 | E14: 0.2 | F14: 0.2 | G14: 0.1 | H14: -0.1 | I14: -0.2 | J14: -0.2
A15: 창 | B15: -0.2 | C15: -0.2 | D15: -0.2 | E15: -0.2 | F15: -0.2 | G15: -0.05 | H15: 0.25 | I15: 0.4 | J15: 0.4
A16: 검 | B16: 0.2 | C16: 0.2 | D16: 0.12 | E16: -0.02 | F16: -0.1 | G16: -0.1 | H16: -0.1 | I16: -0.1 | J16: -0.1
A17: 권장 | B17: 0 | C17: 0 | D17: 0 | E17: 0 | F17: 0 | G17: 0 | H17: 0 | I17: 0 | J17: 0

Sheet 상성 곱 범위
A1: 모든 상성이 겹쳤을 때 — 주는 피해 · 받는 피해 배율 (지력 보너스 · 약점 빼고)
A3: 경우 | B3: 조정 전 | C3: 조정 후 | D3: 계산
A4: 주는 피해 최고 (오행 우세 · 병기 우세 · 창→대형) | B4: =(1+'상성 계수'!C5)*(1+'상성 계수'!C7)*(1+'상성 계수'!C12) | C4: =(1+'상성 계수'!D5)*(1+'상성 계수'!D7)*(1+'상성 계수'!D12) | D4: 오행 × 병기 × 크기
A5: 주는 피해 최고 (크기 유리 보통) | B5: =(1+'상성 계수'!C5)*(1+'상성 계수'!C7)*(1+'상성 계수'!C10) | C5: =(1+'상성 계수'!D5)*(1+'상성 계수'!D7)*(1+'상성 계수'!D10)
A6: 주는 피해 최저 (모두 열세 · 크기 불리) | B6: =(1-'상성 계수'!C5)*(1-'상성 계수'!C8)*(1-'상성 계수'!C11) | C6: =(1-'상성 계수'!D5)*(1-'상성 계수'!D8)*(1-'상성 계수'!D11)
A7: 주는 피해 최저 (검으로 · 모두 열세) | B7: =(1-'상성 계수'!C5)*(1-'상성 계수'!C8)*(1-'상성 계수'!C13) | C7: =(1-'상성 계수'!D5)*(1-'상성 계수'!D8)*(1-'상성 계수'!D13) | D7: 검은 크기 불리가 덜 깎임
A8: 받는 피해 최악 (오행 열세 · 병기 열세) | B8: =(1+'상성 계수'!C5)*(1+'상성 계수'!C6)*(1+'상성 계수'!C7) | C8: =(1+'상성 계수'!D5)*(1+'상성 계수'!D6)*(1+'상성 계수'!D7) | D8: 크기는 받는 피해에 안 들어감
A9: 받는 피해 최선 (오행 우세 · 병기 우세) | B9: =(1-'상성 계수'!C5)*(1-'상성 계수'!C8) | C9: =(1-'상성 계수'!D5)*(1-'상성 계수'!D8)
A10: 주는 피해 최고 ÷ 최저 (폭) | B10: =B4/B6 | C10: =C4/C6 | D10: 작을수록 상성이 덜 극단적

Sheet 요수 크기
A1: 요수 31종 크기 · 무대 크기 · 병기별 주는 피해
A2: 무대 배수 = 크기별 배수(소형 0.75 · 중형 0.95 · 대형 1.18) × (작음 −8% · 큼 +8%) × 두목 1.06. 슬라이더로 바꿀 수 있음
A4: 탐험지 | B4: id | C4: 이름 | D4: 오행 | E4: 크기 | F4: 세부 | G4: 두목 | H4: 무대 배수 | I4: 권장 | J4: 검 | K4: 도 | L4: 창 | M4: 암기
A5: 청풍산 (초급 · 흙/풀/나무) | B5: wildcat | C5: 살쾡이 | D5: 목 | E5: 소형 | F5: 큼 | H5: =0.75*(1+(3-2)*0.08)*1 | I5: ='크기 상성'!D9 | J5: ='크기 상성'!D8 | K5: ='크기 상성'!D6 | L5: ='크기 상성'!D7 | M5: ='크기 상성'!D5
A6: 청풍산 (초급 · 흙/풀/나무) | B6: boar | C6: 사나운 멧돼지 | D6: 토 | E6: 대형 | F6: 작음 | H6: =1.18*(1+(1-2)*0.08)*1 | I6: ='크기 상성'!H9 | J6: ='크기 상성'!H8 | K6: ='크기 상성'!H6 | L6: ='크기 상성'!H7 | M6: ='크기 상성'!H5
A7: 청풍산 (초급 · 흙/풀/나무) | B7: viper | C7: 흑비단독사 | D7: 목 | E7: 소형 | F7: 보통 | H7: =0.75*(1+(2-2)*0.08)*1 | I7: ='크기 상성'!C9 | J7: ='크기 상성'!C8 | K7: ='크기 상성'!C6 | L7: ='크기 상성'!C7 | M7: ='크기 상성'!C5
A8: 청풍산 (초급 · 흙/풀/나무) | B8: rabbit | C8: 청풍산 산토끼 | D8: 목 | E8: 소형 | F8: 작음 | H8: =0.75*(1+(1-2)*0.08)*1 | I8: ='크기 상성'!B9 | J8: ='크기 상성'!B8 | K8: ='크기 상성'!B6 | L8: ='크기 상성'!B7 | M8: ='크기 상성'!B5
A9: 청풍산 (초급 · 흙/풀/나무) | B9: scout | C9: 흑풍채 척후병 | D9: 금 | E9: 중형 | F9: 작음 | H9: =0.95*(1+(1-2)*0.08)*1 | I9: ='크기 상성'!E9 | J9: ='크기 상성'!E8 | K9: ='크기 상성'!E6 | L9: ='크기 상성'!E7 | M9: ='크기 상성'!E5
A10: 청풍산 (초급 · 흙/풀/나무) | B10: deserter | C10: 흑풍채 탈영병 | D10: 토 | E10: 중형 | F10: 보통 | H10: =0.95*(1+(2-2)*0.08)*1 | I10: ='크기 상성'!F9 | J10: ='크기 상성'!F8 | K10: ='크기 상성'!F6 | L10: ='크기 상성'!F7 | M10: ='크기 상성'!F5
A11: 청풍산 (초급 · 흙/풀/나무) | B11: slinger | C11: 흑풍채 투석수 | D11: 화 | E11: 중형 | F11: 보통 | H11: =0.95*(1+(2-2)*0.08)*1 | I11: ='크기 상성'!F9 | J11: ='크기 상성'!F8 | K11: ='크기 상성'!F6 | L11: ='크기 상성'!F7 | M11: ='크기 상성'!F5
A12: 청풍산 (초급 · 흙/풀/나무) | B12: turtle | C12: 바위 등껍질 거북 | D12: 토 | E12: 중형 | F12: 보통 | H12: =0.95*(1+(2-2)*0.08)*1 | I12: ='크기 상성'!F9 | J12: ='크기 상성'!F8 | K12: ='크기 상성'!F6 | L12: ='크기 상성'!F7 | M12: ='크기 상성'!F5
A13: 청풍산 (초급 · 흙/풀/나무) | B13: treant | C13: 청령목괴 | D13: 목 | E13: 대형 | F13: 보통 | H13: =1.18*(1+(2-2)*0.08)*1 | I13: ='크기 상성'!I9 | J13: ='크기 상성'!I8 | K13: ='크기 상성'!I6 | L13: ='크기 상성'!I7 | M13: ='크기 상성'!I5
A14: 청풍산 (초급 · 흙/풀/나무) | B14: redTiger | C14: 적염 호랑이 | D14: 화 | E14: 대형 | F14: 보통 | G14: 두목 | H14: =1.18*(1+(2-2)*0.08)*1.06 | I14: ='크기 상성'!I9 | J14: ='크기 상성'!I8 | K14: ='크기 상성'!I6 | L14: ='크기 상성'!I7 | M14: ='크기 상성'!I5
A15: 염화채 (중급 · 흙/일반) | B15: fireViper | C15: 화염 살모사 | D15: 화 | E15: 소형 | F15: 보통 | H15: =0.75*(1+(2-2)*0.08)*1 | I15: ='크기 상성'!C9 | J15: ='크기 상성'!C8 | K15: ='크기 상성'!C6 | L15: ='크기 상성'!C7 | M15: ='크기 상성'!C5
A16: 염화채 (중급 · 흙/일반) | B16: redWolf | C16: 적토 늑대 | D16: 토 | E16: 중형 | F16: 보통 | H16: =0.95*(1+(2-2)*0.08)*1 | I16: ='크기 상성'!F9 | J16: ='크기 상성'!F8 | K16: ='크기 상성'!F6 | L16: ='크기 상성'!F7 | M16: ='크기 상성'!F5
A17: 염화채 (중급 · 흙/일반) | B17: eagle | C17: 단애 독수리 | D17: 금 | E17: 중형 | F17: 큼 | H17: =0.95*(1+(3-2)*0.08)*1 | I17: ='크기 상성'!G9 | J17: ='크기 상성'!G8 | K17: ='크기 상성'!G6 | L17: ='크기 상성'!G7 | M17: ='크기 상성'!G5
A18: 염화채 (중급 · 흙/일반) | B18: logger | C18: 염화채 벌목수 | D18: 토 | E18: 중형 | F18: 큼 | H18: =0.95*(1+(3-2)*0.08)*1 | I18: ='크기 상성'!G9 | J18: ='크기 상성'!G8 | K18: ='크기 상성'!G6 | L18: ='크기 상성'!G7 | M18: ='크기 상성'!G5
A19: 염화채 (중급 · 흙/일반) | B19: cannoneer | C19: 염화채 화포수 | D19: 화 | E19: 중형 | F19: 보통 | H19: =0.95*(1+(2-2)*0.08)*1 | I19: ='크기 상성'!F9 | J19: ='크기 상성'!F8 | K19: ='크기 상성'!F6 | L19: ='크기 상성'!F7 | M19: ='크기 상성'!F5
A20: 염화채 (중급 · 흙/일반) | B20: charger | C20: 염화채 강행 돌격병 | D20: 토 | E20: 중형 | F20: 큼 | H20: =0.95*(1+(3-2)*0.08)*1 | I20: ='크기 상성'!G9 | J20: ='크기 상성'!G8 | K20: ='크기 상성'!G6 | L20: ='크기 상성'!G7 | M20: ='크기 상성'!G5
A21: 염화채 (중급 · 흙/일반) | B21: eliteAxe | C21: 염화채 정예 도부수 | D21: 화 | E21: 중형 | F21: 큼 | H21: =0.95*(1+(3-2)*0.08)*1 | I21: ='크기 상성'!G9 | J21: ='크기 상성'!G8 | K21: ='크기 상성'!G6 | L21: ='크기 상성'!G7 | M21: ='크기 상성'!G5
A22: 염화채 (중급 · 흙/일반) | B22: armored | C22: 열화 장갑병 | D22: 금 | E22: 대형 | F22: 작음 | H22: =1.18*(1+(1-2)*0.08)*1 | I22: ='크기 상성'!H9 | J22: ='크기 상성'!H8 | K22: ='크기 상성'!H6 | L22: ='크기 상성'!H7 | M22: ='크기 상성'!H5
A23: 염화채 (중급 · 흙/일반) | B23: magmaGolem | C23: 염화석괴 | D23: 화 | E23: 대형 | F23: 큼 | H23: =1.18*(1+(3-2)*0.08)*1 | I23: ='크기 상성'!J9 | J23: ='크기 상성'!J8 | K23: ='크기 상성'!J6 | L23: ='크기 상성'!J7 | M23: ='크기 상성'!J5
A24: 염화채 (중급 · 흙/일반) | B24: jeokpaecheon | C24: 염화채주 적패천 | D24: 화 | E24: 대형 | F24: 보통 | G24: 두목 | H24: =1.18*(1+(2-2)*0.08)*1.06 | I24: ='크기 상성'!I9 | J24: ='크기 상성'!I8 | K24: ='크기 상성'!I6 | L24: ='크기 상성'!I7 | M24: ='크기 상성'!I5
A25: 수룡방 (상급 · 물/일반) | B25: scaleFish | C25: 수로 청어귀 | D25: 수 | E25: 소형 | F25: 작음 | H25: =0.75*(1+(1-2)*0.08)*1 | I25: ='크기 상성'!B9 | J25: ='크기 상성'!B8 | K25: ='크기 상성'!B6 | L25: ='크기 상성'!B7 | M25: ='크기 상성'!B5
A26: 수룡방 (상급 · 물/일반) | B26: crocodile | C26: 뻘밭 흑악어 | D26: 토 | E26: 대형 | F26: 보통 | H26: =1.18*(1+(2-2)*0.08)*1 | I26: ='크기 상성'!I9 | J26: ='크기 상성'!I8 | K26: ='크기 상성'!I6 | L26: ='크기 상성'!I7 | M26: ='크기 상성'!I5
A27: 수룡방 (상급 · 물/일반) | B27: raftScout | C27: 수룡방 뗏목 척후 | D27: 수 | E27: 중형 | F27: 보통 | H27: =0.95*(1+(2-2)*0.08)*1 | I27: ='크기 상성'!F9 | J27: ='크기 상성'!F8 | K27: ='크기 상성'!F6 | L27: ='크기 상성'!F7 | M27: ='크기 상성'!F5
A28: 수룡방 (상급 · 물/일반) | B28: netter | C28: 수룡방 투망수 | D28: 금 | E28: 중형 | F28: 보통 | H28: =0.95*(1+(2-2)*0.08)*1 | I28: ='크기 상성'!F9 | J28: ='크기 상성'!F8 | K28: ='크기 상성'!F6 | L28: ='크기 상성'!F7 | M28: ='크기 상성'!F5
A29: 수룡방 (상급 · 물/일반) | B29: raider | C29: 수룡방 강습대원 | D29: 수 | E29: 중형 | F29: 보통 | H29: =0.95*(1+(2-2)*0.08)*1 | I29: ='크기 상성'!F9 | J29: ='크기 상성'!F8 | K29: ='크기 상성'!F6 | L29: ='크기 상성'!F7 | M29: ='크기 상성'!F5
A30: 수룡방 (상급 · 물/일반) | B30: diver | C30: 수룡방 수중 잠영수 | D30: 수 | E30: 중형 | F30: 작음 | H30: =0.95*(1+(1-2)*0.08)*1 | I30: ='크기 상성'!E9 | J30: ='크기 상성'!E8 | K30: ='크기 상성'!E6 | L30: ='크기 상성'!E7 | M30: ='크기 상성'!E5
A31: 수룡방 (상급 · 물/일반) | B31: anchor | C31: 수룡방 철퇴수 | D31: 수 | E31: 대형 | F31: 작음 | H31: =1.18*(1+(1-2)*0.08)*1 | I31: ='크기 상성'!H9 | J31: ='크기 상성'!H8 | K31: ='크기 상성'!H6 | L31: ='크기 상성'!H7 | M31: ='크기 상성'!H5
A32: 수룡방 (상급 · 물/일반) | B32: centipede | C32: 소택지 독지네 | D32: 수 | E32: 중형 | F32: 큼 | H32: =0.95*(1+(3-2)*0.08)*1 | I32: ='크기 상성'!G9 | J32: ='크기 상성'!G8 | K32: ='크기 상성'!G6 | L32: ='크기 상성'!G7 | M32: ='크기 상성'!G5
A33: 수룡방 (상급 · 물/일반) | B33: iceSpirit | C33: 빙화수요 | D33: 수 | E33: 중형 | F33: 작음 | H33: =0.95*(1+(1-2)*0.08)*1 | I33: ='크기 상성'!E9 | J33: ='크기 상성'!E8 | K33: ='크기 상성'!E6 | L33: ='크기 상성'!E7 | M33: ='크기 상성'!E5
A34: 수룡방 (상급 · 물/일반) | B34: byeokhaeryong | C34: 수룡방주 벽해룡 | D34: 수 | E34: 대형 | F34: 큼 | G34: 두목 | H34: =1.18*(1+(3-2)*0.08)*1.06 | I34: ='크기 상성'!J9 | J34: ='크기 상성'!J8 | K34: ='크기 상성'!J6 | L34: ='크기 상성'!J7 | M34: ='크기 상성'!J5
A35: 수룡방 (상급 · 물/일반) | B35: ronin | C35: 떠돌이 낭인 | D35: 금 | E35: 중형 | F35: 보통 | H35: =0.95*(1+(2-2)*0.08)*1 | I35: ='크기 상성'!F9 | J35: ='크기 상성'!F8 | K35: ='크기 상성'!F6 | L35: ='크기 상성'!F7 | M35: ='크기 상성'!F5
