Workbook

Sheet 개요
A1: 강호견문록 상성 시스템 총정리 (10월 3일 기준)
A2: 파란 글자 = 입력값(「계수」 시트) · 초록 글자 = 다른 시트에서 가져온 값 · 검은 글자 = 계산. 칸 색: 초록 = 나에게 유리, 빨강 = 불리
A4: 층 | B4: 무엇끼리 | C4: 무엇이 바뀌나 | D4: 지금 값 | E4: 어디서 정하나 (코드) | F4: 메모
A5: 오행 (五行) | B5: 장착 기공의 오행 ↔ 요수 오행 | C5: 주는 피해 · 받는 피해 | D5: 극하면 주는 +20% · 받는 −20% / 극당하면 주는 −20% · 받는 +32% | E5: martial_arts.js AFFINITY.elem · COMBAT_RULES.elemPenalty | F5: 목극토 · 토극수 · 수극화 · 화극금 · 금극목. 상생은 보정 없음. 오성(오행 위력)은 내가 극할 때 더 세게, 오행 내성은 극당할 때 덜 아프게
A6: 병기 계열 | B6: 내 병기 계열 ↔ 요수 병기 계열 | C6: 주는 · 받는 피해 · 명중 | D6: 우세 주는 +12% · 받는 −12% · 명중 +8%p / 열세는 반대 | E6: martial_arts.js WEAPON_ADV · AFFINITY.weapAtk · weapDown · weapHit | F6: 검 · 도는 같은 계열(검/도). 가위바위보 4계열
A7: 크기 | B7: 내 병기 ↔ 요수 크기 9단계 | C7: 주는 피해만 | D7: 유리 +15 · 불리 −15 · 창→대형 +30 · 검 불리 −8 · 권장 0 | E7: martial_arts.js SIZE_DMG · monsters.js size | F7: 크기 경계의 작음 · 큼은 이웃 크기 쪽으로 1/4 기울임
A8: 요수 약점 | B8: 요수 고유 약점 오행 ↔ 내 기공 오행 | C8: 주는 피해만 | D8: 청령목괴 ← 화 +20% · 염화석괴 ← 수 +40% · 빙화수요 ← 토 +20% | E8: monsters.js weak | F8: 특정 요수만
A9: 정마사 (正魔邪) | B9: 내 성향 ↔ 상대 성향 | C9: 주는 · 받는 피해 | D9: 이기면 주는 +12% · 받는 −12% | E9: martial_arts.js SCHOOL_RULES.edge · SCHOOLS.beats | F9: 정 › 마 › 사 › 정. 지금 요수에게는 성향이 없어 적용되지 않음 (사람끼리 겨룰 때를 위해 둠)
A10: 경지 압제 | B10: 내 품계 ↔ 요수 경지(탐험지 단계) | C10: 주는 · 받는 피해 | D10: 한 단계 차이마다 ±8%, 최대 3단계(±24%) | E10: martial_arts.js COMBAT_RULES.realm | F10: 상성이라기보다 등급 차이. 곱 범위 계산에서는 뺌
A11: 두목 보정 | B11: 두목 요수 (모두 대형) | C11: 상성으로 얻는 이득 | D11: 주는 피해 + · 받는 피해 − · 명중 + 몫을 절반으로 (손해는 그대로) | E11: martial_arts.js AFFINITY.bossGain · combat_engine.js affinity() | F11: 오행 · 병기 · 크기 · 약점 모두. 예: 창으로 적염 호랑이 = 크기 +30% → +15%, 병기 우세 +12% → +6%
A12: 지형 | B12: 장착 경공의 지형 ↔ 탐험지 지형 | C12: 강호행 기력 소모 | D12: 맞으면 −20% · 하나도 안 맞으면 +20% · 경공 없으면 0 | E12: martial_arts.js AFFINITY.terrainMatch · terrainMiss · areas.js terrain | F12: 전투 피해와는 무관
A14: 계산 순서: 주는 피해 = 기본 피해 × 오행 × 병기 × (1+약점) × (1+크기) × 경지 × 정마사 · 받는 피해 = 기본 × 오행 × 병기 × 경지 × 정마사
A15: 출처: 게임 코드 (js/data/martial_arts.js · monsters.js · areas.js, js/systems/combat_engine.js affinity()). 크기 상성 처음 안은 유저 제안, 하향 폭은 Claude가 정함.

Sheet 계수
A1: 상성 계수 — 여기 값을 바꾸면 모든 시트가 따라 바뀜
A2: 노란 칸 = 10월 3일 하향으로 바뀐 값. 조정 전은 비교용
A4: 층 | B4: 항목 | C4: 조정 전 | D4: 지금 값 | E4: 줄인 폭 | F4: 코드 이름
A5: 오행 | B5: 상극 우세 · 열세 | C5: 0.25 | D5: 0.2 | E5: =D5-C5 | F5: AFFINITY.elem
A6: 오행 | B6: 역상성 받는 피해 추가 | C6: 0.15 | D6: 0.1 | E6: =D6-C6 | F6: COMBAT_RULES.elemPenalty
A7: 병기 | B7: 우세 주는 피해 / 열세 받는 피해 | C7: 0.15 | D7: 0.12 | E7: =D7-C7 | F7: AFFINITY.weapAtk
A8: 병기 | B8: 열세 주는 피해 감소 / 우세 받는 피해 감소 | C8: 0.15 | D8: 0.12 | E8: =D8-C8 | F8: AFFINITY.weapDown
A9: 병기 | B9: 우세 명중 보정 (%p) | C9: 10 | D9: 8 | E9: =D9-C9 | F9: AFFINITY.weapHit
A10: 크기 | B10: 유리 | C10: 0.2 | D10: 0.15 | E10: =D10-C10 | F10: SIZE_DMG
A11: 크기 | B11: 불리 | C11: 0.2 | D11: 0.15 | E11: =D11-C11 | F11: SIZE_DMG
A12: 크기 | B12: 창 → 대형 | C12: 0.4 | D12: 0.3 | E12: =D12-C12 | F12: SIZE_DMG
A13: 크기 | B13: 검 불리 (덜 깎임) | C13: 0.1 | D13: 0.08 | E13: =D13-C13 | F13: SIZE_DMG
A14: 크기 | B14: 경계 기울기 (작음 · 큼) | C14: 0.25 | D14: 0.25 | E14: =D14-C14 | F14: SIZE_DMG 계산 규칙
A15: 약점 | B15: 청령목괴 ← 화 | C15: 0.25 | D15: 0.2 | E15: =D15-C15 | F15: monsters.js weak
A16: 약점 | B16: 염화석괴 ← 수 | C16: 0.5 | D16: 0.4 | E16: =D16-C16 | F16: monsters.js weak
... A23: 두목 | B23: 상성 이득 비율 (손해는 그대로) | C23: 1 | D23: 0.5 | E23: =D23-C23 | F23: AFFINITY.bossGain

Sheet 오행
A1: 오행 — 내 기공 오행(세로) × 요수 오행(가로)
A2: 위 표: 내가 주는 피해 · 아래 표: 내가 받는 피해 (오행 내성 0 기준). 상생은 보정 없음
A4: 주는 피해
A5: 나 \ 요수 | B5: 목 木 | C5: 화 火 | D5: 토 土 | E5: 금 金 | F5: 수 水
A6: 목 木 | B6: 0 | C6: 0 | D6: ='계수'!$D$5 | E6: =-'계수'!$D$5 | F6: 0
A7: 화 火 | B7: 0 | C7: 0 | D7: 0 | E7: ='계수'!$D$5 | F7: =-'계수'!$D$5
A8: 토 土 | B8: =-'계수'!$D$5 | C8: 0 | D8: 0 | E8: 0 | F8: ='계수'!$D$5
A9: 금 金 | B9: ='계수'!$D$5 | C9: =-'계수'!$D$5 | D9: 0 | E9: 0 | F9: 0
A10: 수 水 | B10: 0 | C10: ='계수'!$D$5 | D10: =-'계수'!$D$5 | E10: 0 | F10: 0
A12: 받는 피해
A13: 나 \ 요수 | B13: 목 木 | C13: 화 火 | D13: 토 土 | E13: 금 金 | F13: 수 水
A14: 목 木 | B14: 0 | C14: 0 | D14: =-'계수'!$D$5 | E14: =(1+'계수'!$D$5)*(1+'계수'!$D$6)-1 | F14: 0
A15: 화 火 | B15: 0 | C15: 0 | D15: 0 | E15: =-'계수'!$D$5 | F15: =(1+'계수'!$D$5)*(1+'계수'!$D$6)-1
A16: 토 土 | B16: =(1+'계수'!$D$5)*(1+'계수'!$D$6)-1 | C16: 0 | D16: 0 | E16: 0 | F16: =-'계수'!$D$5
A17: 금 金 | B17: =-'계수'!$D$5 | C17: =(1+'계수'!$D$5)*(1+'계수'!$D$6)-1 | D17: 0 | E17: 0 | F17: 0
A18: 수 水 | B18: 0 | C18: =-'계수'!$D$5 | D18: =(1+'계수'!$D$5)*(1+'계수'!$D$6)-1 | E18: 0 | F18: 0
A21: 상극 순환: 목극토 → 토극수 → 수극화 → 화극금 → 금극목
A22: 오성(悟性) 1점마다 오행 위력 +2.5% (내가 극할 때만 더함) · 장신구 오행 내성은 극당할 때 받는 피해의 오행 몫을 줄임

Sheet 병기 계열
A1: 병기 계열 — 내 병기 계열(세로) × 요수 병기 계열(가로)
A2: 검과 도는 같은 계열(검/도). 짐승도 이빨 · 발톱을 병기 계열로 가짐
A4: 주는 피해
A5: 나 \ 요수 | B5: 권장 | C5: 검/도 | D5: 창 | E5: 암기
A6: 권장 | B6: 0 | C6: ='계수'!$D$7 | D6: =-'계수'!$D$8 | E6: =-'계수'!$D$8
A7: 검/도 | B7: =-'계수'!$D$8 | C7: 0 | D7: ='계수'!$D$7 | E7: ='계수'!$D$7
A8: 창 | B8: ='계수'!$D$7 | C8: =-'계수'!$D$8 | D8: 0 | E8: 0
A9: 암기 | B9: ='계수'!$D$7 | C9: =-'계수'!$D$8 | D9: 0 | E9: 0
A11: 받는 피해
A12: 나 \ 요수 | B12: 권장 | C12: 검/도 | D12: 창 | E12: 암기
A13: 권장 | B13: 0 | C13: =-'계수'!$D$8 | D13: ='계수'!$D$7 | E13: ='계수'!$D$7
A14: 검/도 | B14: ='계수'!$D$7 | C14: 0 | D14: =-'계수'!$D$8 | E14: =-'계수'!$D$8
A15: 창 | B15: =-'계수'!$D$8 | C15: ='계수'!$D$7 | D15: 0 | E15: 0
A16: 암기 | B16: =-'계수'!$D$8 | C16: ='계수'!$D$7 | D16: 0 | E16: 0
A18: 명중 보정 (%p, 나 기준)
A19: 나 \ 요수 | B19: 권장 | C19: 검/도 | D19: 창 | E19: 암기
A20: 권장 | B20: 0 | C20: ='계수'!$D$9 | D20: =-'계수'!$D$9 | E20: =-'계수'!$D$9
A21: 검/도 | B21: =-'계수'!$D$9 | C21: 0 | D21: ='계수'!$D$9 | E21: ='계수'!$D$9
A22: 창 | B22: ='계수'!$D$9 | C22: =-'계수'!$D$9 | D22: 0 | E22: 0
A23: 암기 | B23: ='계수'!$D$9 | C23: =-'계수'!$D$9 | D23: 0 | E23: 0
A25: 한 줄로: 권장 › 검/도 › 창 · 암기 › 권장 (창과 암기는 서로 호각, 창은 권장에 강하고 검/도에 약함)

Sheet 크기
A1: 크기 — 내 병기 × 요수 크기 9단계 (주는 피해)
A2: 각 크기의 보통 칸은 계수에서, 작음 · 큼 칸은 이웃 크기 쪽으로 경계 기울기만큼 기운 값(반올림). 게임 값은 SIZE_DMG
A4: 병기 | B4: 소형 보통값 | C4: 중형 보통값 | D4: 대형 보통값 | E4: 성격
A5: 암기(표창) | B5: =-'계수'!$D$11 | C5: ='계수'!$D$10 | D5: ='계수'!$D$10 | E5: 큰 놈에게 강한 범용
A6: 도 | B6: ='계수'!$D$10 | C6: ='계수'!$D$10 | D6: =-'계수'!$D$11 | E6: 작은 놈에게 강한 범용
A7: 창 | B7: =-'계수'!$D$11 | C7: =-'계수'!$D$11 | D7: ='계수'!$D$12 | E7: 대형 전문, 유리할 때 한 방이 큼
A8: 검 | B8: ='계수'!$D$10 | C8: =-'계수'!$D$13 | D8: =-'계수'!$D$13 | E8: 불리해도 버티는 안정형
A9: 권장 | B9: 0 | C9: 0 | D9: 0 | E9: 크기 상성 없음
A11: 9단계 표
A12: 병기 | B12: 소형 작음 | C12: 소형 보통 | D12: 소형 큼 | E12: 중형 작음 | F12: 중형 보통 | G12: 중형 큼 | H12: 대형 작음 | I12: 대형 보통 | J12: 대형 큼
A13: 암기(표창) | B13: =B5 | C13: =B5 | D13: =ROUND((B5+(C5-B5)*'계수'!$D$14)*100,0)/100 | E13: =ROUND((C5+(B5-C5)*'계수'!$D$14)*100,0)/100 | F13: =C5 | G13: =ROUND((C5+(D5-C5)*'계수'!$D$14)*100,0)/100 | H13: =ROUND((D5+(C5-D5)*'계수'!$D$14)*100,0)/100 | I13: =D5 | J13: =D5
A14: 도 | B14: =B6 | C14: =B6 | D14: =ROUND((B6+(C6-B6)*'계수'!$D$14)*100,0)/100 | E14: =ROUND((C6+(B6-C6)*'계수'!$D$14)*100,0)/100 | F14: =C6 | G14: =ROUND((C6+(D6-C6)*'계수'!$D$14)*100,0)/100 | H14: =ROUND((D6+(C6-D6)*'계수'!$D$14)*100,0)/100 | I14: =D6 | J14: =D6
A15: 창 | B15: =B7 | C15: =B7 | D15: =ROUND((B7+(C7-B7)*'계수'!$D$14)*100,0)/100 | E15: =ROUND((C7+(B7-C7)*'계수'!$D$14)*100,0)/100 | F15: =C7 | G15: =ROUND((C7+(D7-C7)*'계수'!$D$14)*100,0)/100 | H15: =ROUND((D7+(C7-D7)*'계수'!$D$14)*100,0)/100 | I15: =D7 | J15: =D7
A16: 검 | B16: =B8 | C16: =B8 | D16: =ROUND((B8+(C8-B8)*'계수'!$D$14)*100,0)/100 | E16: =ROUND((C8+(B8-C8)*'계수'!$D$14)*100,0)/100 | F16: =C8 | G16: =ROUND((C8+(D8-C8)*'계수'!$D$14)*100,0)/100 | H16: =ROUND((D8+(C8-D8)*'계수'!$D$14)*100,0)/100 | I16: =D8 | J16: =D8
A17: 권장 | B17: =B9 | C17: =B9 | D17: =ROUND((B9+(C9-B9)*'계수'!$D$14)*100,0)/100 | E17: =ROUND((C9+(B9-C9)*'계수'!$D$14)*100,0)/100 | F17: =C9 | G17: =ROUND((C9+(D9-C9)*'계수'!$D$14)*100,0)/100 | H17: =ROUND((D9+(C9-D9)*'계수'!$D$14)*100,0)/100 | I17: =D9 | J17: =D9
A19: 게임에 들어 있는 값과 같음 (창 대형 작음 +19% 등). 계수를 바꾸면 이 표가 새 값을 보여 줌 — 게임에 넣으려면 SIZE_DMG도 같이 바꿔야 함

Sheet 정마사 · 경지
A1: 정마사 · 경지 압제
A2: 정마사: 내 성향(세로) × 상대 성향(가로) 주는 피해 · 지금은 요수에게 성향이 없어 쓰이지 않음
A4: 나 \ 상대 | B4: 정 正 | C4: 마 魔 | D4: 사 邪
A5: 정 正 | B5: 0 | C5: ='계수'!$D$18 | D5: =-'계수'!$D$18
A6: 마 魔 | B6: =-'계수'!$D$18 | C6: 0 | D6: ='계수'!$D$18
A7: 사 邪 | B7: ='계수'!$D$18 | C7: =-'계수'!$D$18 | D7: 0
A9: 정 › 마 › 사 › 정 (받는 피해는 반대 부호)
A11: 경지 압제 — 내 품계 − 요수 경지
A12: 차이 | B12: 주는 피해 | C12: 받는 피해
A13: -3 | B13: =MAX(-'계수'!$D$20,MIN('계수'!$D$20,A13))*'계수'!$D$19 | C13: =-B13
A14: -2 | B14: =MAX(-'계수'!$D$20,MIN('계수'!$D$20,A14))*'계수'!$D$19 | C14: =-B14
A15: -1 | B15: =MAX(-'계수'!$D$20,MIN('계수'!$D$20,A15))*'계수'!$D$19 | C15: =-B15
A16: 0 | B16: =MAX(-'계수'!$D$20,MIN('계수'!$D$20,A16))*'계수'!$D$19 | C16: =-B16
A17: 1 | B17: =MAX(-'계수'!$D$20,MIN('계수'!$D$20,A17))*'계수'!$D$19 | C17: =-B17
A18: 2 | B18: =MAX(-'계수'!$D$20,MIN('계수'!$D$20,A18))*'계수'!$D$19 | C18: =-B18
A19: 3 | B19: =MAX(-'계수'!$D$20,MIN('계수'!$D$20,A19))*'계수'!$D$19 | C19: =-B19
A21: 요수 경지 = 탐험지 단계 − 1 (청풍산 0 · 염화채 1 · 수룡방 2), 제자 품계 = 삼류 0 · 이류 1 …

Sheet 지형
A1: 지형 — 장착 경공 지형 × 탐험지 지형 (강호행 기력 소모)
A2: 경공이 없으면 보정 없음. 탐험지 지형 중 하나라도 맞으면 「맞음」
A4: 경공 지형 \ 탐험지 | B4: 청풍산 (흙 · 풀 · 나무) | C4: 염화채 (흙 · 일반) | D4: 수룡방 (물 · 일반)
A5: 풀 草 | B5: ='계수'!$D$21 | C5: ='계수'!$D$22 | D5: ='계수'!$D$22
A6: 물 水 | B6: ='계수'!$D$22 | C6: ='계수'!$D$22 | D6: ='계수'!$D$21
A7: 흙 土 | B7: ='계수'!$D$21 | C7: ='계수'!$D$21 | D7: ='계수'!$D$22
A8: 나무 木 | B8: ='계수'!$D$21 | C8: ='계수'!$D$22 | D8: ='계수'!$D$22
A9: 일반 平 | B9: ='계수'!$D$22 | C9: ='계수'!$D$21 | D9: ='계수'!$D$21

Sheet 요수
A1: 요수 31종 — 상성 한눈에
A2: 병기별 크기 상성은 「크기」 시트에서 가져옴 (초록 글자). 떠돌이 낭인은 기연 전투용
A4: 탐험지 | B4: 단계 | C4: 이름 | D4: 오행 | E4: 병기 계열 | F4: 크기 | G4: 세부 | H4: 약점 | I4: 권장 | J4: 검 | K4: 도 | L4: 창 | M4: 암기(표창)
A5: 청풍산 | B5: 1 | C5: 청풍산 산토끼 | D5: 목 | E5: 권장 | F5: 소형 | G5: 작음 | I5: ='크기'!B17 | J5: ='크기'!B16 | K5: ='크기'!B14 | L5: ='크기'!B15 | M5: ='크기'!B13
A6: 청풍산 | B6: 2 | C6: 살쾡이 | D6: 목 | E6: 권장 | F6: 소형 | G6: 큼 | I6: ='크기'!D17 | J6: ='크기'!D16 | K6: ='크기'!D14 | L6: ='크기'!D15 | M6: ='크기'!D13
A7: 청풍산 | B7: 3 | C7: 흑풍채 척후병 | D7: 금 | E7: 검/도 | F7: 중형 | G7: 작음 | I7: ='크기'!E17 | J7: ='크기'!E16 | K7: ='크기'!E14 | L7: ='크기'!E15 | M7: ='크기'!E13
A8: 청풍산 | B8: 4 | C8: 바위 등껍질 거북 | D8: 토 | E8: 권장 | F8: 중형 | G8: 보통 | I8: ='크기'!F17 | J8: ='크기'!F16 | K8: ='크기'!F14 | L8: ='크기'!F15 | M8: ='크기'!F13
A9: 청풍산 | B9: 5 | C9: 흑비단독사 | D9: 목 | E9: 암기 | F9: 소형 | G9: 보통 | I9: ='크기'!C17 | J9: ='크기'!C16 | K9: ='크기'!C14 | L9: ='크기'!C15 | M9: ='크기'!C13
A10: 청풍산 | B10: 6 | C10: 흑풍채 투석수 | D10: 화 | E10: 암기 | F10: 중형 | G10: 보통 | I10: ='크기'!F17 | J10: ='크기'!F16 | K10: ='크기'!F14 | L10: ='크기'!F15 | M10: ='크기'!F13
A11: 청풍산 | B11: 7 | C11: 흑풍채 탈영병 | D11: 토 | E11: 창 | F11: 중형 | G11: 보통 | I11: ='크기'!F17 | J11: ='크기'!F16 | K11: ='크기'!F14 | L11: ='크기'!F15 | M11: ='크기'!F13
A12: 청풍산 | B12: 8 | C12: 사나운 멧돼지 | D12: 토 | E12: 창 | F12: 대형 | G12: 작음 | I12: ='크기'!H17 | J12: ='크기'!H16 | K12: ='크기'!H14 | L12: ='크기'!H15 | M12: ='크기'!H13
A13: 청풍산 | B13: 9 | C13: 청령목괴 | D13: 목 | E13: 창 | F13: 대형 | G13: 보통 | H13: 화 +20% | I13: ='크기'!I17 | J13: ='크기'!I16 | K13: ='크기'!I14 | L13: ='크기'!I15 | M13: ='크기'!I13
A14: 청풍산 | B14: 두목 | C14: 적염 호랑이 | D14: 화 | E14: 권장 | F14: 대형 | G14: 보통 | I14: ='크기'!I17 | J14: ='크기'!I16 | K14: ='크기'!I14 | L14: ='크기'!I15 | M14: ='크기'!I13
A15: 염화채 | B15: 1 | C15: 적토 늑대 | D15: 토 | E15: 권장 | F15: 중형 | G15: 보통 | I15: ='크기'!F17 | J15: ='크기'!F16 | K15: ='크기'!F14 | L15: ='크기'!F15 | M15: ='크기'!F13
A16: 염화채 | B16: 2 | C16: 화염 살모사 | D16: 화 | E16: 암기 | F16: 소형 | G16: 보통 | I16: ='크기'!C17 | J16: ='크기'!C16 | K16: ='크기'!C14 | L16: ='크기'!C15 | M16: ='크기'!C13
A17: 염화채 | B17: 3 | C17: 단애 독수리 | D17: 금 | E17: 권장 | F17: 중형 | G17: 큼 | I17: ='크기'!G17 | J17: ='크기'!G16 | K17: ='크기'!G14 | L17: ='크기'!G15 | M17: ='크기'!G13
A18: 염화채 | B18: 4 | C18: 염화채 화포수 | D18: 화 | E18: 암기 | F18: 중형 | G18: 보통 | I18: ='크기'!F17 | J18: ='크기'!F16 | K18: ='크기'!F14 | L18: ='크기'!F15 | M18: ='크기'!F13
A19: 염화채 | B19: 5 | C19: 염화채 강행 돌격병 | D19: 토 | E19: 창 | F19: 중형 | G19: 큼 | I19: ='크기'!G17 | J19: ='크기'!G16 | K19: ='크기'!G14 | L19: ='크기'!G15 | M19: ='크기'!G13
A20: 염화채 | B20: 6 | C20: 열화 장갑병 | D20: 금 | E20: 권장 | F20: 대형 | G20: 작음 | I20: ='크기'!H17 | J20: ='크기'!H16 | K20: ='크기'!H14 | L20: ='크기'!H15 | M20: ='크기'!H13
A21: 염화채 | B21: 7 | C21: 염화채 정예 도부수 | D21: 화 | E21: 검/도 | F21: 중형 | G21: 큼 | I21: ='크기'!G17 | J21: ='크기'!G16 | K21: ='크기'!G14 | L21: ='크기'!G15 | M21: ='크기'!G13
A22: 염화채 | B22: 8 | C22: 염화채 벌목수 | D22: 토 | E22: 검/도 | F22: 중형 | G22: 큼 | I22: ='크기'!G17 | J22: ='크기'!G16 | K22: ='크기'!G14 | L22: ='크기'!G15 | M22: ='크기'!G13
A23: 염화채 | B23: 9 | C23: 염화석괴 | D23: 화 | E23: 권장 | F23: 대형 | G23: 큼 | H23: 수 +40% | I23: ='크기'!J17 | J23: ='크기'!J16 | K23: ='크기'!J14 | L23: ='크기'!J15 | M23: ='크기'!J13
A24: 염화채 | B24: 두목 | C24: 염화채주 적패천 | D24: 화 | E24: 검/도 | F24: 대형 | G24: 보통 | I24: ='크기'!I17 | J24: ='크기'!I16 | K24: ='크기'!I14 | L24: ='크기'!I15 | M24: ='크기'!I13
A25: 수룡방 | B25: 1 | C25: 수로 청어귀 | D25: 수 | E25: 암기 | F25: 소형 | G25: 작음 | I25: ='크기'!B17 | J25: ='크기'!B16 | K25: ='크기'!B14 | L25: ='크기'!B15 | M25: ='크기'!B13
A26: 수룡방 | B26: 2 | C26: 수룡방 강습대원 | D26: 수 | E26: 검/도 | F26: 중형 | G26: 보통 | I26: ='크기'!F17 | J26: ='크기'!F16 | K26: ='크기'!F14 | L26: ='크기'!F15 | M26: ='크기'!F13
A27: 수룡방 | B27: 3 | C27: 수룡방 투망수 | D27: 금 | E27: 암기 | F27: 중형 | G27: 보통 | I27: ='크기'!F17 | J27: ='크기'!F16 | K27: ='크기'!F14 | L27: ='크기'!F15 | M27: ='크기'!F13
A28: 수룡방 | B28: 4 | C28: 수룡방 뗏목 척후 | D28: 수 | E28: 창 | F28: 중형 | G28: 보통 | I28: ='크기'!F17 | J28: ='크기'!F16 | K28: ='크기'!F14 | L28: ='크기'!F15 | M28: ='크기'!F13
A29: 수룡방 | B29: 5 | C29: 수룡방 수중 잠영수 | D29: 수 | E29: 암기 | F29: 중형 | G29: 작음 | I29: ='크기'!E17 | J29: ='크기'!E16 | K29: ='크기'!E14 | L29: ='크기'!E15 | M29: ='크기'!E13
A30: 수룡방 | B30: 6 | C30: 뻘밭 흑악어 | D30: 토 | E30: 권장 | F30: 대형 | G30: 보통 | I30: ='크기'!I17 | J30: ='크기'!I16 | K30: ='크기'!I14 | L30: ='크기'!I15 | M30: ='크기'!I13
A31: 수룡방 | B31: 7 | C31: 소택지 독지네 | D31: 수 | E31: 창 | F31: 중형 | G31: 큼 | I31: ='크기'!G17 | J31: ='크기'!G16 | K31: ='크기'!G14 | L31: ='크기'!G15 | M31: ='크기'!G13
A32: 수룡방 | B32: 8 | C32: 빙화수요 | D32: 수 | E32: 암기 | F32: 중형 | G32: 작음 | H32: 토 +20% | I32: ='크기'!E17 | J32: ='크기'!E16 | K32: ='크기'!E14 | L32: ='크기'!E15 | M32: ='크기'!E13
A33: 수룡방 | B33: 9 | C33: 수룡방 철퇴수 | D33: 수 | E33: 권장 | F33: 대형 | G33: 작음 | I33: ='크기'!H17 | J33: ='크기'!H16 | K33: ='크기'!H14 | L33: ='크기'!H15 | M33: ='크기'!H13
A34: 수룡방 | B34: 두목 | C34: 수룡방주 벽해룡 | D34: 수 | E34: 창 | F34: 대형 | G34: 큼 | I34: ='크기'!J17 | J34: ='크기'!J16 | K34: ='크기'!J14 | L34: ='크기'!J15 | M34: ='크기'!J13
A35: 기연 | C35: 떠돌이 낭인 | D35: 금 | E35: 검/도 | F35: 중형 | G35: 보통 | I35: ='크기'!F17 | J35: ='크기'!F16 | K35: ='크기'!F14 | L35: ='크기'!F15 | M35: ='크기'!F13

Sheet 곱 범위
A1: 모든 상성이 겹쳤을 때 (오행 × 병기 × 크기, 지력 · 약점 · 경지 · 정마사 빼고)
A2: 조정 전 값은 「계수」 C열, 지금 값은 D열로 계산
A4: 경우 | B4: 조정 전 | C4: 지금 | D4: 메모
A5: 주는 피해 최고 (창이 대형) | B5: =(1+'계수'!C5)*(1+'계수'!C7)*(1+'계수'!C12) | C5: =(1+'계수'!D5)*(1+'계수'!D7)*(1+'계수'!D12)
A6: 주는 피해 최고 (크기 유리 보통) | B6: =(1+'계수'!C5)*(1+'계수'!C7)*(1+'계수'!C10) | C6: =(1+'계수'!D5)*(1+'계수'!D7)*(1+'계수'!D10)
A7: 주는 피해 최저 | B7: =(1-'계수'!C5)*(1-'계수'!C8)*(1-'계수'!C11) | C7: =(1-'계수'!D5)*(1-'계수'!D8)*(1-'계수'!D11)
A8: 주는 피해 최저 (검) | B8: =(1-'계수'!C5)*(1-'계수'!C8)*(1-'계수'!C13) | C8: =(1-'계수'!D5)*(1-'계수'!D8)*(1-'계수'!D13) | D8: 검은 크기 불리가 덜 깎임
A9: 받는 피해 최악 | B9: =(1+'계수'!C5)*(1+'계수'!C6)*(1+'계수'!C7) | C9: =(1+'계수'!D5)*(1+'계수'!D6)*(1+'계수'!D7) | D9: 크기는 받는 피해에 안 들어감
A10: 받는 피해 최선 | B10: =(1-'계수'!C5)*(1-'계수'!C8) | C10: =(1-'계수'!D5)*(1-'계수'!D8)
A11: 약점까지 겹친 최고 (염화석괴 · 창 · 수 기공) | B11: =(1+'계수'!C5)*(1+'계수'!C7)*(1+'계수'!C12)*(1+'계수'!C16) | C11: =(1+'계수'!D5)*(1+'계수'!D7)*(1+'계수'!D12)*(1+'계수'!D16) | D11: 특수한 경우
A12: 두목 상대 주는 피해 최고 (창 · 이득 절반) | B12: =(1+'계수'!C5*'계수'!C23)*(1+'계수'!C7*'계수'!C23)*(1+'계수'!C12*'계수'!C23) | C12: =(1+'계수'!D5*'계수'!D23)*(1+'계수'!D7*'계수'!D23)*(1+'계수'!D12*'계수'!D23) | D12: 두목은 모두 대형
A13: 경지 3단계 위 + 주는 피해 최고 | B13: =(1+'계수'!C5)*(1+'계수'!C7)*(1+'계수'!C12)*(1+'계수'!C19*'계수'!C20) | C13: =(1+'계수'!D5)*(1+'계수'!D7)*(1+'계수'!D12)*(1+'계수'!D19*'계수'!D20) | D13: 참고
A14: 주는 피해 폭 (최고 ÷ 최저) | B14: =B5/B7 | C14: =C5/C7 | D14: 작을수록 상성이 덜 극단적
